"ID";"LATITUDE";"LIBELLE";"LONGITUDE";"COLLECTIVITE_ID";"QUARTIER_ID"
1;0;"ECOLE AMADOU WORE DIAGNE (BOPP)";0;1;0
2;0;"ECOLE BISCUITERIE";0;1;0
3;0;"ECOLE CHEIKH M SAKHO O NIAYES 2";0;1;0
4;0;"ECOLE IMAM ABDOU NDIAYE (CERF VOLAN";0;1;0
5;0;"ECOLE MASSIGA SENE (EX NGUELAW)";0;1;0
6;0;"ECOLE OUAGOU NIAYES 1";0;1;0
7;0;"ETAT CIVIL BOURGUIBA";0;1;0
8;0;"ECOLE CAMBERENE 3";0;2;0
9;0;"ECOLE SEYDINA ISSA LAYE (CAMBERENE)";0;2;0
10;0;"ECOLE IBRAHIMA KOITE (DIEUPPEUL)";0;3;0
11;0;"ECOLE IBRAHIMA SECK B";0;3;0
12;0;"GROUPE SCOLAIRE DERKLE 2";0;3;0
13;0;"BUREAU DE COORDINATION TECHNIQUE";0;4;0
14;0;"CENTRE DE FORMATION COMMUNALE";0;4;0
15;0;"COLLEGE ENSEIG FRANCO-ARABE POINT E";0;4;0
16;0;"ECOLE JOSEPH GOMIS";0;4;0
17;0;"ECOLE MAMADOU B MB DIOP (ZONE B)";0;4;0
18;0;"ECOLE POINT E 2";0;4;0
19;0;"GROUPE SCOLAIRE RUE 10";0;4;0
20;0;"ECOLE LEOPOLD ANGRAND (GOREE)";0;5;0
21;0;"C.E.M. ALIOUNE DIOP";0;6;0
22;0;"ECOLE ISSA KANE (BASSAM GOUMBA)";0;6;0
23;0;"ECOLE MAGUETTE C. SARR (TAIBA G D)";0;6;0
24;0;"ECOLE ROUTE DES PUITS";0;6;0
25;0;"ANNEXE ECOLE ALINE SITOE DIATTA";0;7;0
26;0;"BUREAU DE POSTE GRAND YOFF";0;7;0
27;0;"ECOLE CITE SIPRES 1";0;7;0
28;0;"ECOLE GRAND YOFF 2";0;7;0
29;0;"ECOLE HLM GRAND-YOFF";0;7;0
30;0;"ECOLE HLM PATTE D'OIE";0;7;0
31;0;"ECOLE KALIDOU SY";0;7;0
32;0;"ECOLE KHAR YALLA";0;7;0
33;0;"ECOLE MOR FALL (GRAND YOFF)";0;7;0
34;0;"ECOLE PRIVEE ASSAFIN";0;7;0
35;0;"ECOLE SCAT URBAM";0;7;0
36;0;"FOYER DES JEUNES DE GRAND YOFF";0;7;0
37;0;"ECOLE ADJA WARATH DIENE (FANN GT)";0;8;0
38;0;"ECOLE ALIEU CODOU NDOYE (GUELE TAPE";0;8;0
39;0;"ECOLE AMADOU LAMINE DIENE(EX MED RE";0;8;0
40;0;"ECOLE DIARAF IBRA PAYE (EX MANGU 3)";0;8;0
41;0;"ECOLE EH IBRAHIMA BEYE (COLOBANE)";0;8;0
42;0;"ECOLE MANGUIERS 2";0;8;0
43;0;"ECOLE OUMAR BEN KHATAB DIA (PR FASS";0;8;0
44;0;"ECOLE SACOURA BADIANE";0;8;0
45;0;"ECOLE AYNINA FALL (EX HLM 2)";0;9;0
46;0;"ECOLE HLM 4 E";0;9;0
47;0;"ECOLE LION";0;9;0
48;0;"GROUPE SCOLAIRE HLM C ET D";0;9;0
49;0;"H.L.M 4 A";0;9;0
50;0;"H.L.M 4 B";0;9;0
51;0;"CAMP ABDOU DIASSE";0;10;0
52;0;"CEM DE HANN";0;10;0
53;0;"COURS SAINTE MARIE DE HANN";0;10;0
54;0;"ECOLE EH BARA GUEYE (HANN PECHEUR)";0;10;0
55;0;"ECOLE EH DOUDOU MBATHIE (HANN VILLA";0;10;0
56;0;"ECOLE HANN MONTAGNE";0;10;0
57;0;"ECOLE PUBLIQUE HANN MARISTE EXTENSI";0;10;0
58;0;"ECOLE ALASSANE NDIAYE ALLOU (MED F)";0;11;0
59;0;"ECOLE EH MBAYE D. DEGAYE (MEDINA 3)";0;11;0
60;0;"ECOLE MALICK SY";0;11;0
61;0;"ECOLE MAMOUR DIAKHATE(EX MEDINA 4)";0;11;0
62;0;"ECOLE MOUR DIOP";0;11;0
63;0;"ECOLE NAGO SAMB (GIBRALTAR)";0;11;0
64;0;"STADE IBA MAR DIOP";0;11;0
65;0;"CASE DES TOUT PETITS V.D.N.";0;12;0
66;0;"ECOLE LIBERTE 5";0;12;0
67;0;"ECOLE MASSE MASSAER NIANE1 (BAOBAB)";0;12;0
68;0;"ECOLE NAFISSATOU NIANG";0;12;0
69;0;"ECOLE WORE";0;12;0
70;0;"LYCEE NGALANDOU DIOUF";0;12;0
71;0;"ECOLE ALIEU SAMB";0;13;0
72;0;"ECOLE BAITYR SAMB";0;13;0
73;0;"UNIVERSITE POLYTECHNIQUE OUEST AFRICAIN";0;13;0
74;0;"ECOLE CITE ASECNA";0;14;0
75;0;"ECOLE EH MBAYE DIOP (OUAKAM 2)";0;14;0
76;0;"ECOLE MAMADOU DIAGNE (OUAKAM 1)";0;14;0
77;0;"ECOLE OUAKAM CAMP";0;14;0
78;0;"ECOLE PRIVEE CITE AVION 2";0;14;0
79;0;"ECOLE 6";0;14;0
80;0;"INSTITUTION PRESC. LES PETITS PAS";0;14;0
81;0;"LYCEE OUAKAM";0;14;0
82;0;"C.E.M. UNITE 19";0;15;0
83;0;"ECOLE HLM GRAND MEDINE";0;15;0
84;0;"ECOLE PARCELLES ASSAINIES D (U 10)";0;15;0
85;0;"ECOLE UNITE 11";0;15;0
86;0;"ECOLE UNITE 14";0;15;0
87;0;"ECOLE UNITE 17";0;15;0
88;0;"ECOLE UNITE 19";0;15;0
89;0;"ECOLE UNITE 20";0;15;0
90;0;"ECOLE UNITE 21";0;15;0
91;0;"ECOLE UNITE 22";0;15;0
92;0;"ECOLE UNITE 25";0;15;0
93;0;"ECOLE UNITE 8";0;15;0
94;0;"FOYER SOCIO-EDUCATIF CHEIKH DEMBA DIA";0;15;0
95;0;"ECOLE CITE SOPRIM";0;16;0
96;0;"ECOLE GRAND MEDINE";0;16;0
97;0;"ECOLE PATTE D'OIE BUILDER";0;16;0
98;0;"C.E.S MALICK SY";0;17;0
99;0;"ECOLE ADJA MAME Y. DIAGNE (THIONG)";0;17;0
100;0;"ECOLE BERTHE MAUBERT";0;17;0
101;0;"ECOLE CHEIKH AMADOU MBACKE (KLEBER)";0;17;0
102;0;"ECOLE EH BIBI NDIAYE (FAIDHERBE)";0;17;0
103;0;"ECOLE EH MOUSTAPHA DIOP (FLEURUS)";0;17;0
104;0;"ECOLE IBRAHIMA DIOP (CLEMENCEAU)";0;17;0
105;0;"ECOLE REBEUSS";0;17;0
106;0;"CENTRE SOCIAL LIBERTE 3 A";0;18;0
107;0;"ECOLE LIBERTE 1";0;18;0
108;0;"ECOLE LIBERTE 6 A";0;18;0
109;0;"ECOLE LIBERTE 6 B ET C";0;18;0
110;0;"STADE DEMBA DIOP";0;18;0
111;0;"ECOLE ABABACAR LAYE";0;19;0
112;0;"ECOLE AEROPORT YOFF";0;19;0
113;0;"ECOLE CITE DIAMALAYE";0;19;0
114;0;"ECOLE DIAMALAYE (YOFF 2)";0;19;0
115;0;"ECOLE EH TALLA DIAGNE (YOFF 1)";0;19;0
116;0;"ECOLE ELIMANE THIAW";0;19;0
117;0;"ECOLE JAPONAISE";0;19;0
118;0;"ECOLE KENJIRO";0;19;0
119;0;"ECOLE PRIVEE TATAFA";0;19;0
120;0;"ECOLE TAFSIR NDIAGA GUEYE";0;19;0
121;0;"ECOLE YOFF 4";0;19;0
122;0;"ETAT CIVIL YOFF";0;19;0
123;0;"CEM BANQUE ISLAMIQUE";0;20;0
124;0;"C.E.S. OGO DIOP";0;20;0
125;0;"ECOLE ADOLPHE DIAGNE";0;20;0
126;0;"ECOLE F UNITE 5";0;20;0
127;0;"ECOLE G UNITE 6";0;20;0
128;0;"ECOLE HAMO 2";0;20;0
129;0;"ECOLE MATERNELLE CITE FAYAL";0;20;0
130;0;"ECOLE NDIARKA DIAGNE";0;20;0
131;0;"ECOLE SERIGNE NIANG";0;20;0
132;0;"ECOLE SEYDOU NOUROU TALL";0;20;0
133;0;"ECOLE UNESCO HAMO 3";0;20;0
134;0;"ECOLE Y UNITE 3";0;20;0
135;0;"ECOLE Z UNITE 4";0;20;0
136;0;"LYCEE PARCELLES ASSAINIES GUEDIAWAY";0;20;0
137;0;"ECOLE PRIMAIRE MEDINA GOUNASS";0;21;0
138;0;"HOTEL D'ARRONDISSEMENT";0;21;0
139;0;"POSTE DE SANTE MEDINA GOUNASS";0;21;0
140;0;"ECOLE HAMO 4";0;22;0
141;0;"ECOLE NDIAREME";0;22;0
142;0;"ECOLE 18 GUEDIAWAYE";0;22;0
143;0;"LYCEE LIMAMOULAYE";0;22;0
144;0;"ECOLE DORO SY";0;23;0
145;0;"ECOLE ELEMENTAIRE FUENLABRADA";0;23;0
146;0;"ECOLE NANSEN";0;23;0
147;0;"ECOLE NOTAIRE";0;23;0
148;0;"ECOLE 13 DAROU SALAM";0;23;0
149;0;"ECOLE 16";0;23;0
150;0;"ECOLE 17/A GUEDIAWAYE";0;23;0
151;0;"ECOLE 17/B GUEDIAWAYE";0;23;0
152;0;"ECOLE 20";0;23;0
153;0;"C.E.S. EST";0;24;0
154;0;"ECOLE DAROUKHANE";0;24;0
155;0;"ECOLE KAWSSARA FALL";0;24;0
156;0;"ECOLE KHALI MADIAKHATE KALA";0;24;0
157;0;"ECOLE KHALI MADIAKHATE KALA B";0;24;0
158;0;"ECOLE KHALI MADIAKHATE KALA C";0;24;0
159;0;"ECOLE PRIMAIRE DHL";0;24;0
160;0;"ECOLE 23";0;24;0
161;0;"CEM DALIFORT";0;25;0
162;0;"ECOLE DALIFORT";0;25;0
163;0;"ECOLE FORCES ARMEES";0;25;0
164;0;"ECOLE PRIVEE EH FALILOU MBACKE";0;25;0
165;0;"CEM NDIAWAR DIAGNE";0;26;0
166;0;"CEM SICAP MBAO";0;26;0
167;0;"ECOLE FASS MBAO";0;26;0
168;0;"ECOLE PUBLIQUE SAM SAM 3";0;26;0
169;0;"ECOLE PUBLIQUE SICAP MBAO";0;26;0
170;0;"ECOLE THIAROYE GARE I B";0;26;0
171;0;"CEM DJIDA THIAROYE KAO";0;27;0
172;0;"ECOLE KHALIFA ABABACAR SY";0;27;0
173;0;"ECOLE LANSAR A";0;27;0
174;0;"ECOLE PIKINE MEDINA GOUNASS";0;27;0
175;0;"ECOLE SALIOU NDONGO A";0;27;0
176;0;"ECOLE SALIOU NDONGO B";0;27;0
177;0;"ECOLE 12";0;27;0
178;0;"ECOLE 27";0;27;0
179;0;"CRED / DARADJI";0;28;0
180;0;"ECOLE PRIVEE SEMBENE OUSMANE";0;28;0
181;0;"ECOLE THIAROYE GUINAW RAILS";0;28;0
182;0;"CENTRE DE NUTRITION COMMUNAUTAIRE";0;29;0
183;0;"ECOLE OUMAR DIA DIOUF";0;29;0
184;0;"MAISON DE LA FEMME GUINAW RAILS";0;29;0
185;0;"ECOLE CITE AINOUMADY";0;30;0
186;0;"ECOLE CITE CASTOR SOTRAC";0;30;0
187;0;"ECOLE DE BOUNE";0;30;0
188;0;"ECOLE MASSAR DIEYE";0;30;0
189;0;"ECOLE PLLES ASSAINIES UNITE 11";0;30;0
190;0;"ECOLE PLLES ASSAINIES UNITE 14";0;30;0
191;0;"ECOLE MALIKA MONTAGNE";0;31;0
192;0;"ECOLE PRIVEE SANKA";0;31;0
193;0;"ECOLE SEYDI ANTA GADIAGA";0;31;0
194;0;"ANNEXE ECOLE MAME WASSOUR SECK";0;32;0
195;0;"CEM KEUR MBAYE FALL";0;32;0
196;0;"ECOLE KEUR MBAYE FALL";0;32;0
197;0;"ECOLE MAME WASSOUR SECK";0;32;0
198;0;"ECOLE MOUR SECK";0;32;0
199;0;"ECOLE PUBLIQUE CITE NDEYE MARIE";0;32;0
200;0;"ECOLE PUBLIQUE ZAC MBAO";0;32;0
201;0;"CEM FADILOU DIOP";0;33;0
202;0;"ECOLE IBRAHIMA NDAO";0;33;0
203;0;"ECOLE TOUBA DIACKSAO";0;33;0
204;0;"ECOLE 10 A";0;33;0
205;0;"ECOLE 3 A";0;33;0
206;0;"ECOLE DIACKSAO (EX PIKINE 5)";0;34;0
207;0;"ECOLE ELIMANE NDIAYE";0;34;0
208;0;"ECOLE MAME YELI BADIANE";0;34;0
209;0;"ECOLE PIKINE 7 A";0;34;0
210;0;"ECOLE PRIVEE SOKHNA ADAMA GUEYE";0;34;0
211;0;"ECOLE 5 B";0;34;0
212;0;"ECOLE 9 A";0;34;0
213;0;"CEM CHERIF TIDIANI";0;35;0
214;0;"ECOLE BAWORE SECK";0;35;0
215;0;"ECOLE DAROU PIKINE";0;35;0
216;0;"ECOLE EL HADJ IBA SENE";0;35;0
217;0;"ECOLE KABIROU MBODJI";0;35;0
218;0;"ECOLE KHOUROUNAR";0;35;0
219;0;"ECOLE PRI.  MAME CHEIKH ANTA MBACKE";0;35;0
220;0;"ECOLE PRIVEE SEYDOU NOUROU TALL";0;35;0
221;0;"ECOLE SERIGNE MOUSSA KA";0;35;0
222;0;"ECOLE 2 B";0;35;0
223;0;"ANNEXE ECOLE MASSAER DIAGNE";0;36;0
224;0;"ECOLE MARTYRS A";0;36;0
225;0;"ECOLE MASSAER DIAGNE";0;36;0
226;0;"CENTRE D ENSEIGNEMENT TECHNIQUE";0;37;0
227;0;"ECOLE AMETH SOW MBATAL";0;37;0
228;0;"ECOLE MALICK DIOP";0;37;0
229;0;"ECOLE MOUSSE NIANG";0;37;0
230;0;"ECOLE PRIVEE FRANCO-ARABE";0;37;0
231;0;"ECOLE PRIVEE ZONE FRANCHE";0;37;0
232;0;"ECOLE ALIOUNE GAYE";0;38;0
233;0;"ECOLE MBAYE DIOUF";0;38;0
234;0;"ECOLE MOUSTAPHA KHALI NDIAYE";0;38;0
235;0;"C.E.M. MOMAR MAREME DIOP";0;39;0
236;0;"ECOLE ABDOULAYE DIOP";0;39;0
237;0;"ECOLE DAROU SALAM BENE BARAQUE";0;39;0
238;0;"ECOLE MALIKA RECEPTEUR";0;39;0
239;0;"ECOLE PRIVEE FRANCO ARABE";0;39;0
240;0;"ECOLE PRIVEE SEYDI DJIAMIL";0;39;0
241;0;"ECOLE YEUMBEUL 3 SOTRAC";0;39;0
242;0;"ANNEXE ECOLE KHALIFA ABABACAR SY";0;40;0
243;0;"CENTRE D ETAT CIVIL YEUMBEUL";0;40;0
244;0;"ECOLE MADY NDIAYE";0;40;0
245;0;"ECOLE MOMAR KHARY DIOP";0;40;0
246;0;"ECOLE MOUSSE ANTA DIOP";0;40;0
247;0;"ECOLE PRIVEE MAMADOU NDIONE";0;40;0
248;0;"CEM KEUR MBABA GUISSE";0;41;0
249;0;"CENTRE POLYVALENT MBEYE";0;41;0
250;0;"ECOLE BAMBYLOR";0;41;0
251;0;"ECOLE DENI BIRAM NDAO NORD";0;41;0
252;0;"ECOLE DENIS GUEDJI";0;41;0
253;0;"ECOLE ELEMENTAIRE DE DIAKSAO";0;41;0
254;0;"ECOLE ELEMENTAIRE DE KOUNOUNE";0;41;0
255;0;"ECOLE ELEMENTAIRE DE MBEUTH";0;41;0
256;0;"ECOLE ELEMENTAIRE GOROM 1";0;41;0
257;0;"ECOLE ELEMENTAIRE GOROM 2";0;41;0
258;0;"ECOLE ELEMENTAIRE KEUR NDIAYE LO 1";0;41;0
259;0;"ECOLE ELEMENTAIRE WAYAMBAME";0;41;0
260;0;"ECOLE KEUR DAOUDA SARR";0;41;0
261;0;"ECOLE NDIAKHIRATE PEULH";0;41;0
262;0;"ECOLE PRIMAIRE DENI BIRAM NDAO SUD";0;41;0
263;0;"ECOLE PUBLIQUE DE KANIACK NDIAWDOUNE";0;41;0
264;0;"ECOLE 2 MEDINA BAMBYLOR";0;41;0
265;0;"CEM BARGNY";0;42;0
266;0;"CENTRE SOCIO-CULTUREL EH NDIOUGA DIENG";0;42;0
267;0;"ECOLE DAROU 2";0;42;0
268;0;"ECOLE DES FILLES";0;42;0
269;0;"ECOLE ELEMENTAIRE KIP CARRIERE";0;42;0
270;0;"ECOLE ELEMENTAIRE NDIOLMANE";0;42;0
271;0;"ECOLE MERVI";0;42;0
272;0;"ECOLE MINAME";0;42;0
273;0;"ECOLE MIXTE BARGNY";0;42;0
274;0;"ECOLE SECKA GUEYE";0;42;0
275;0;"ENSEIGNEMENT MOYEN PRATIQUE";0;42;0
276;0;"ECOLE DENI YOUSSOU";0;43;0
277;0;"ECOLE DIAM NIADIO";0;43;0
278;0;"ECOLE DIAMNIADIO 2";0;43;0
279;0;"ECOLE DOUGAR 1";0;43;0
280;0;"ECOLE ELEMENTAIRE DENI MALICK GUEYE";0;43;0
281;0;"ECOLE MBOUNKA BAMBARA";0;43;0
282;0;"ECOLE NDOYENE 1";0;43;0
283;0;"ECOLE SEBI WILLIAM PONTY";0;43;0
284;0;"ECOLE YAAM";0;43;0
285;0;"ECOLE CITE GENDARMERIE";0;44;0
286;0;"ECOLE ELEMENTAIRE DE MEDINA THIOUB";0;44;0
287;0;"ECOLE NIACOULRAP";0;44;0
288;0;"ECOLE UNITE 12 B";0;44;0
289;0;"ECOLE UNITE 17";0;44;0
290;0;"ECOLE UNITE 19";0;44;0
291;0;"BLOC SCIENTIFIQUE";0;45;0
292;0;"ECOLE EH MAMOUR DIOP (SANTHIABA)";0;45;0
293;0;"ECOLE ELEMENTAIRE COLOBANE";0;45;0
294;0;"ECOLE GOUYE MOURIDES";0;45;0
295;0;"ECOLE MATAR SECK";0;45;0
296;0;"ECOLE MERINA";0;45;0
297;0;"ECOLE MERINA 1 (ARAFAT)";0;45;0
298;0;"ECOLE PRIMAIRE CAMP MARCHAND";0;45;0
299;0;"ECOLE TAFSIR NIAW FAYE (DIOKOUL 2)";0;45;0
300;0;"ECOLE THIAWLENE";0;45;0
301;0;"CES PIONNIERS DU SYNDICALISME";0;46;0
302;0;"ECOLE BASSIROU FALL (CAMP X.LELONG)";0;46;0
303;0;"ECOLE ELEMENTAIRE FASS";0;46;0
304;0;"ECOLE ELEMENTAIRE SANTHIABA CHERIF";0;46;0
305;0;"ECOLE HLM CITE RADIO";0;46;0
306;0;"ECOLE OUSMANE MBENGUE (DANGOU)";0;46;0
307;0;"ECOLE SANTHIABA CHERIF 2";0;46;0
308;0;"CES MAURICE GUEYE";0;47;0
309;0;"ECOLE ALIOUNE DIA";0;47;0
310;0;"ECOLE CHARLEMAGNE";0;47;0
311;0;"ECOLE CITE IMPRIMERIE";0;47;0
312;0;"ECOLE EH MOUSSA DIALLO (KHER)";0;47;0
313;0;"ECOLE MBAYE NDIR (GUENDEL)";0;47;0
314;0;"ECOLE OUSSEYNOU DIAGNE (THIOKHO)";0;47;0
315;0;"ECOLE ELEMENTAIRE  NDIAKHIRATE NDIOBENE";0;48;0
316;0;"ECOLE ELEMENTAIRE NDIAKHATE DIGUE";0;48;0
317;0;"ECOLE ELEMENTAIRE SANGALCAM";0;48;0
318;0;"ECOLE ELEMENTAIRE DE NDOYENE 2";0;49;0
319;0;"ECOLE ELEMENTAIRE SEBI THIOKHO";0;49;0
320;0;"ECOLE KIP KIP";0;49;0
321;0;"ECOLE SEBI FASS";0;49;0
322;0;"ECOLE SEBI ROUTE";0;49;0
323;0;"ECOLE SEBI SOUS";0;49;0
324;0;"ECOLE YEBA";0;49;0
325;0;"FOYER DES JEUNES";0;49;0
326;0;"ECOLE SENDOU";0;50;0
327;0;"ECOLE BENOBA";0;51;0
328;0;"ECOLE CITE SAFCO";0;51;0
329;0;"ECOLE ELEMENTAIRE DAROU SALAM";0;51;0
330;0;"ECOLE ELEMENTAIRE NIAGA 2";0;51;0
331;0;"ECOLE ELEMENTAIRE TAWFEKH SOCABEG";0;51;0
332;0;"ECOLE ELEMENTAIRE TIVAOUANE PEULH";0;51;0
333;0;"ECOLE NIAGA";0;51;0
334;0;"ECOLE NIAGA PEULH";0;51;0
335;0;"ECOLE ELEMENTAIRE DE YENE TODD";0;52;0
336;0;"ECOLE ELEMENTAIRE NDOUKHOURA PEULH 2";0;52;0
337;0;"ECOLE ELEMENTAIRE NIAYES KHAYES";0;52;0
338;0;"ECOLE ELEMENTAIRE TOUBAB DIALAO";0;52;0
339;0;"ECOLE ELEMENTAIRE YENE GUEDJ";0;52;0
340;0;"ECOLE NIANGHAL";0;52;0
341;0;"ECOLE PUBLIQUE DE KELLE";0;52;0
342;0;"ECOLE PUBLIQUE NDITAKH";0;52;0
343;0;"ECOLE YENE KAW";0;52;0
344;0;"BABA GARAGE 1";0;53;0
345;0;"DAROU BAKHOUM";0;53;0
346;0;"DAROU NGUER";0;53;0
347;0;"GNICK";0;53;0
348;0;"KEUR OUSMANE KANE";0;53;0
349;0;"KHAYE NDIAYE";0;53;0
350;0;"MBAKHE";0;53;0
351;0;"NDARY DIOP";0;53;0
352;0;"NDIABY";0;53;0
353;0;"NDIOBEL";0;53;0
354;0;"SAM-SAM";0;53;0
355;0;"TAWA FALL";0;53;0
356;0;"THIEUL FANAYE";0;53;0
357;0;"ECOLE ANNEXE";0;54;0
358;0;"ECOLE CHEIKH AWA BALLA MBACKE";0;54;0
359;0;"ECOLE 2";0;54;0
360;0;"ECOLE 3";0;54;0
361;0;"ECOLE 4";0;54;0
362;0;"ECOLE 5";0;54;0
363;0;"MAIRIE";0;54;0
364;0;"BABACK DIOMEGOR";0;55;0
365;0;"BAMBEY SERERE";0;55;0
366;0;"DADACK";0;55;0
367;0;"DANGALMA";0;55;0
368;0;"DANGALMA 2";0;55;0
369;0;"DIARIGNE";0;55;0
370;0;"ECOLE SINDIANE (EX SEO SINDIANE)";0;55;0
371;0;"GATT DIOCOUL 1";0;55;0
372;0;"GATT GALLO";0;55;0
373;0;"GATT NGARAFF 1";0;55;0
374;0;"KEUR GALLO";0;55;0
375;0;"MERINA";0;55;0
376;0;"NDIADIANE";0;55;0
377;0;"NDIOBENE NGOYE";0;55;0
378;0;"NGOKHOTHIE";0;55;0
379;0;"NGOKHOTHIE EX LAMBAYE";0;55;0
380;0;"NGUEME YADIAMA";0;55;0
381;0;"NGUITHIE PEYE";0;55;0
382;0;"SANGHAYE";0;55;0
383;0;"TALLAGNE";0;55;0
384;0;"BARIDIAME";0;56;0
385;0;"DINGUIRAYE";0;56;0
386;0;"GOLL";0;56;0
387;0;"GRAME";0;56;0
388;0;"KANGHARLO";0;56;0
389;0;"KEUR MADIOP";0;56;0
390;0;"MBAYE";0;56;0
391;0;"NDIANE 1";0;56;0
392;0;"THIAYTOU";0;56;0
393;0;"THIOKHOL";0;56;0
394;0;"TOUNGHOR";0;56;0
395;0;"DAROU KHOUDOSS";0;57;0
396;0;"GAPP";0;57;0
397;0;"GAWANE ESCALE";0;57;0
398;0;"GAWANE MBACKE";0;57;0
399;0;"KEUR DIEUMB DIA";0;57;0
400;0;"LANGAR DEUNE";0;57;0
401;0;"LANGAR PEYE";0;57;0
402;0;"NDIEYENE THIALAO";0;57;0
403;0;"NGOKARE SOW 1";0;57;0
404;0;"PEYE BOUNGHOYE";0;57;0
405;0;"SARR";0;57;0
406;0;"FASSEL";0;58;0
407;0;"GANDAL";0;58;0
408;0;"GAYAME";0;58;0
409;0;"GOLBY ASSANE";0;58;0
410;0;"KEUR SAMBA KANE 1";0;58;0
411;0;"KEUR SAMBA KANE 2";0;58;0
412;0;"NDIAMSYL PEYE";0;58;0
413;0;"NDIARAO";0;58;0
414;0;"NDIARNO RICADJI 1";0;58;0
415;0;"NDIAYE DANKHE";0;58;0
416;0;"NDIOUDIOUF";0;58;0
417;0;"THIALLE MABOUR";0;58;0
418;0;"KALOME";0;59;0
419;0;"KEUR SAMBA GAYE";0;59;0
420;0;"KEUR SEGUE NDIAYE";0;59;0
421;0;"LAMBAYE ESCALE";0;59;0
422;0;"MAKA TASSAR";0;59;0
423;0;"MBADIANE GORA";0;59;0
424;0;"MBADIANE SAMBA AWA";0;59;0
425;0;"MBALMY";0;59;0
426;0;"MBOTAL LAMBAYE";0;59;0
427;0;"MBOUBANE";0;59;0
428;0;"MBOUSSO";0;59;0
429;0;"MEKHE";0;59;0
430;0;"NDIARGA LAMBAYE";0;59;0
431;0;"NDONDOL CODOU NGOYE";0;59;0
432;0;"NGANDIAL";0;59;0
433;0;"NIAKHAPPE";0;59;0
434;0;"PARBA LAMBAYE";0;59;0
435;0;"PEYE LAMBAYE";0;59;0
436;0;"POUGNAR";0;59;0
437;0;"THIEPPE NDIAWRIGNE";0;59;0
438;0;"THIEPPE PANATHIE";0;59;0
439;0;"THIEPPE PARBA";0;59;0
440;0;"TOUGOUTHIE";0;59;0
441;0;"BACAPOME";0;60;0
442;0;"MBELKHAOUL";0;60;0
443;0;"MBOMBOYE 1";0;60;0
444;0;"NDECK";0;60;0
445;0;"NDIEDIENG 1";0;60;0
446;0;"NDIEMANE";0;60;0
447;0;"NDONDOL";0;60;0
448;0;"NGUEME ISSA";0;60;0
449;0;"YAYE";0;60;0
450;0;"ECOLE 1 BAMBEY SERERE";0;61;0
451;0;"ECOLE 2 BAMBEY SERERE";0;61;0
452;0;"KEUR ALIOU DIOUF";0;61;0
453;0;"KEUR SAPOLECK";0;61;0
454;0;"MBARRY ALLE NDIAYE";0;61;0
455;0;"MBOUKHOUM";0;61;0
456;0;"NDEME MEISSA THIORO";0;61;0
457;0;"NDIAKALACK";0;61;0
458;0;"NDIOUDIOUF";0;61;0
459;0;"NGARAFFE POLECK";0;61;0
460;0;"NGOGOM";0;61;0
461;0;"NGOTHIE 1";0;61;0
462;0;"NGUITHIE THIANDIGUE";0;61;0
463;0;"PALENE";0;61;0
464;0;"SEO NGARAFF";0;61;0
465;0;"SILANE";0;61;0
466;0;"THILMAKHA";0;61;0
467;0;"BAKAKACK";0;62;0
468;0;"BARRY NDONDOL";0;62;0
469;0;"BATAL";0;62;0
470;0;"GALLO NGOYE";0;62;0
471;0;"GOURGOURENE";0;62;0
472;0;"KEUR LAT BISSINE";0;62;0
473;0;"KEUR MEISSA NDIAYE";0;62;0
474;0;"KHANDIAR";0;62;0
475;0;"MBOKHODANE";0;62;0
476;0;"NDIATTA NGOYE";0;62;0
477;0;"NDIMB NGOYE";0;62;0
478;0;"NDIONE KADE 1";0;62;0
479;0;"NDIONE MATENING";0;62;0
480;0;"NDIOULY 1";0;62;0
481;0;"NGANDECK";0;62;0
482;0;"NGASCOPE";0;62;0
483;0;"NGODJLEME";0;62;0
484;0;"NGUEYE NGUEYE";0;62;0
485;0;"PEYE NGOYE 1";0;62;0
486;0;"SESSENE";0;62;0
487;0;"THIODJOGOYE";0;62;0
488;0;"BOKH";0;63;0
489;0;"LOULOUPE";0;63;0
490;0;"MBAMBEY";0;63;0
491;0;"NDEREPP";0;63;0
492;0;"NDORONG MALICK";0;63;0
493;0;"NGANGOUNE";0;63;0
494;0;"NGOUYE THIANDIGUE";0;63;0
495;0;"REFANE PEYE SINDIANE";0;63;0
496;0;"REO MAO";0;63;0
497;0;"SEO THIAOTHIAO";0;63;0
498;0;"DARA";0;64;0
499;0;"DAROU SALAM";0;64;0
500;0;"DOMBE 1";0;64;0
501;0;"GALLO PEYE";0;64;0
502;0;"KEUR MAFATIME";0;64;0
503;0;"KEUR SAER";0;64;0
504;0;"KHOLKHOTORANE";0;64;0
505;0;"MBADIANEME";0;64;0
506;0;"MBADIE DIOUFFENE";0;64;0
507;0;"MBOYENE";0;64;0
508;0;"NDAKH";0;64;0
509;0;"NDIAGNE BOUMY";0;64;0
510;0;"NDIAGUENE DIOREL";0;64;0
511;0;"NDIAKANE";0;64;0
512;0;"NDIMB NDADENE";0;64;0
513;0;"NDIOBENE NDADENE";0;64;0
514;0;"SANDIARA";0;64;0
515;0;"SEO LEFF";0;64;0
516;0;"SOKANO";0;64;0
517;0;"THIAKHAR";0;64;0
518;0;"THIATHIAO";0;64;0
519;0;"WAKHALDIAM 3";0;64;0
520;0;"DANKH SENE";0;65;0
521;0;"DAROU SALAM GALLE";0;65;0
522;0;"MBAPPE";0;65;0
523;0;"NDIOGOP DIOP";0;65;0
524;0;"NGUEYE NGUEYE";0;65;0
525;0;"THIAKH";0;65;0
526;0;"THIEYE";0;65;0
527;0;"C.E.M.";0;66;0
528;0;"CEM NDIOURBEL TOCK";0;66;0
529;0;"ECOLE BASSIROU MBACKE";0;66;0
530;0;"ECOLE FRANCO ARABE LONKINE";0;66;0
531;0;"ECOLE KEUR BAYE LAYE GAYE";0;66;0
532;0;"ECOLE KEUR CHEIKH 2";0;66;0
533;0;"ECOLE KEUR YELLI";0;66;0
534;0;"ECOLE MAME DIARRA";0;66;0
535;0;"ECOLE MASSOURANG SOURANG";0;66;0
536;0;"ECOLE MBAKHANE";0;66;0
537;0;"ECOLE MERINA SORAH";0;66;0
538;0;"ECOLE MERINA TIBO";0;66;0
539;0;"ECOLE NDAYANE (MBANG FAYE)";0;66;0
540;0;"ECOLE NDIODIONE";0;66;0
541;0;"ECOLE NDOBA FAYE";0;66;0
542;0;"ECOLE NEUVE (ALGOR DIOUM)";0;66;0
543;0;"ECOLE NGOR SENE";0;66;0
544;0;"ECOLE SERIGNE MBAYE SARR";0;66;0
545;0;"ECOLE SESSENE";0;66;0
546;0;"ECOLE TOUBA NDIAREME";0;66;0
547;0;"LYCEE CHEIKH MOUHAMADOU M. MBACKE";0;66;0
548;0;"NGOUYE";0;66;0
549;0;"ECOLE TAIBA KALOM";0;67;0
550;0;"GADE ESCALE";0;67;0
551;0;"MOUSLADJI 1";0;67;0
552;0;"NDOUGOUBENE";0;67;0
553;0;"ECOLE DE TAWA";0;68;0
554;0;"ECOLE KEUR ALLA NIANG";0;68;0
555;0;"ECOLE TEIGNE TEIGNE";0;68;0
556;0;"GADE KHAPSOU";0;68;0
557;0;"KEUR NGALGOU";0;68;0
558;0;"NGANKAL OUOLOF";0;68;0
559;0;"NGHAWAW";0;68;0
560;0;"PALLENE";0;68;0
561;0;"PEO FALL";0;68;0
562;0;"COKY GOUYE";0;69;0
563;0;"DAGA";0;69;0
564;0;"DAROU DIA";0;69;0
565;0;"DIONGO";0;69;0
566;0;"ECOLE TAIBA SANTHIE 1";0;69;0
567;0;"LAYABE";0;69;0
568;0;"LOUMENE";0;69;0
569;0;"MERINA SYLL";0;69;0
570;0;"NDIATACK";0;69;0
571;0;"NDIMBE";0;69;0
572;0;"NDINDY";0;69;0
573;0;"NGHAYE";0;69;0
574;0;"TAIBA NDIAGNE 1";0;69;0
575;0;"DAKAR MBAYARD";0;70;0
576;0;"ECOLE ARABE NDOULO PEULH";0;70;0
577;0;"ECOLE MBEYE WOKANE";0;70;0
578;0;"KHOKHE NGADIAGA";0;70;0
579;0;"KHOULE";0;70;0
580;0;"MBAYENE";0;70;0
581;0;"MERINA THIAKHO";0;70;0
582;0;"NDIOUFFENE WOKANE";0;70;0
583;0;"NDOULO";0;70;0
584;0;"NGOUNDJODJE";0;70;0
585;0;"NIANGHE";0;70;0
586;0;"TAYRE OUOLOF";0;70;0
587;0;"THIOUTHIE WOKANE";0;70;0
588;0;"CITE OUVRIERE SEIB";0;71;0
589;0;"DIOMKHEL";0;71;0
590;0;"DOMB";0;71;0
591;0;"ECOLE BOUNDOU";0;71;0
592;0;"FINTEL DJIGATE";0;71;0
593;0;"FINTEL SOMB";0;71;0
594;0;"KADAM";0;71;0
595;0;"KEUR GANE";0;71;0
596;0;"LAGNAR GOUMACK";0;71;0
597;0;"NDIABAYE";0;71;0
598;0;"NDIANDE";0;71;0
599;0;"NDIETTE NGOHE";0;71;0
600;0;"NDJISSE";0;71;0
601;0;"NDOFFENE ECOLE";0;71;0
602;0;"TOCK NGOL";0;71;0
603;0;"DAROU SAMBE";0;72;0
604;0;"DIAKAEL DIGUE";0;72;0
605;0;"ECOLE DABEL BARA";0;72;0
606;0;"ECOLE SAMBE PEULH 1";0;72;0
607;0;"GAPPO";0;72;0
608;0;"KHABANE";0;72;0
609;0;"KHODJIL MBOSSEKH";0;72;0
610;0;"NDIONAYE";0;72;0
611;0;"PATTAR";0;72;0
612;0;"SAMBE NGUINTH";0;72;0
613;0;"SAMBE PEULH 2";0;72;0
614;0;"SASSE";0;72;0
615;0;"THIOBE OUOLOF";0;72;0
616;0;"DAROU MBAYE";0;73;0
617;0;"ECOLE MBAMBE";0;73;0
618;0;"ECOLE NDIETTE";0;73;0
619;0;"ECOLE THIALY";0;73;0
620;0;"GNINGUENE";0;73;0
621;0;"MBARASSANE";0;73;0
622;0;"NDIA LAPPE";0;73;0
623;0;"NDIAMBOUTY";0;73;0
624;0;"TAIBA MOUTOUPHA";0;73;0
625;0;"THIENDIEGNE";0;73;0
626;0;"TOUBE";0;73;0
627;0;"YAMAL";0;73;0
628;0;"AFFIA MBACKE LACKRAM";0;74;0
629;0;"DOUGOUL SERERE";0;74;0
630;0;"GODAGUENE";0;74;0
631;0;"KEUR AMADOU DIOP";0;74;0
632;0;"KEUR SAKH SAKH";0;74;0
633;0;"KOBA";0;74;0
634;0;"LOUMBEL THIAO";0;74;0
635;0;"MBEYNA OUOLOF";0;74;0
636;0;"MEDE";0;74;0
637;0;"MERINA SARR";0;74;0
638;0;"NDAYANE";0;74;0
639;0;"NEBE SERERE";0;74;0
640;0;"NENE";0;74;0
641;0;"NGOLOMONE";0;74;0
642;0;"TOCKY GARE";0;74;0
643;0;"WALALANE";0;74;0
644;0;"ECOLE KALOM 1";0;75;0
645;0;"ECOLE KEUR MACTAR DIENG";0;75;0
646;0;"ECOLE MOUSLADJI 2";0;75;0
647;0;"ECOLE NDIOMPY 2";0;75;0
648;0;"LAPPE 1";0;75;0
649;0;"LAPPE 2";0;75;0
650;0;"NDIOMPY 1";0;75;0
651;0;"NDOGAL SANTHIE";0;75;0
652;0;"DARA";0;76;0
653;0;"E F A NGALAGNE";0;76;0
654;0;"ECOLE MELO FALL";0;76;0
655;0;"KANE KANE";0;76;0
656;0;"KEUR TAMSIR";0;76;0
657;0;"KONTEYENE DAPPA";0;76;0
658;0;"MBAYENE DIMB";0;76;0
659;0;"SAREME SERERE";0;76;0
660;0;"SEMBENE";0;76;0
661;0;"THIANDIGUE";0;76;0
662;0;"THISSE";0;76;0
663;0;"TOURE MBONDE";0;76;0
664;0;"BAITY PALENE";0;77;0
665;0;"DAGA DIOUF 1";0;77;0
666;0;"DALLA";0;77;0
667;0;"DEUYE SANGOU";0;77;0
668;0;"DIGANE";0;77;0
669;0;"KHOUROU MBACKE";0;77;0
670;0;"NGABOU 3";0;77;0
671;0;"THIENTHIE 3";0;77;0
672;0;"DENDEYE";0;78;0
673;0;"ECOLE NGUERANE";0;78;0
674;0;"GOUYGUI";0;78;0
675;0;"NDIOLOFFENE";0;78;0
676;0;"SAM CONTOR";0;78;0
677;0;"DAROU MBACKE";0;79;0
678;0;"DAROU NAHIM";0;79;0
679;0;"ECOLE THIALLE";0;79;0
680;0;"GOWANE FAYE";0;79;0
681;0;"MBAMBARY";0;79;0
682;0;"THIECKENE";0;79;0
683;0;"BOUSTANE MBACKE";0;80;0
684;0;"DAROU SALAM TYP";0;80;0
685;0;"ECOLE DAROU GUEYE";0;80;0
686;0;"ECOLE TAOFEKH KHAYGA";0;80;0
687;0;"MAGASIN VILLAGEOIS NASROU GRIGNEL";0;80;0
688;0;"NASROU MBACKE";0;80;0
689;0;"ECOLE GOUBE";0;81;0
690;0;"ECOLE LAMA 2";0;81;0
691;0;"FASS KAEL";0;81;0
692;0;"KAEL";0;81;0
693;0;"MAGASIN VILLAGEOIS SAM THIALLE";0;81;0
694;0;"MAGASIN VILLAGEOIS TOUBA BOBOREL";0;81;0
695;0;"MAIRIE DE KAEL";0;81;0
696;0;"MBANANY 2";0;81;0
697;0;"TOUBA KAEL";0;81;0
698;0;"BOBY MBACKE";0;82;0
699;0;"DAROU WAHAB";0;82;0
700;0;"ECOLE GUIRGNEL / MBAYENE";0;82;0
701;0;"ECOLE MADINA";0;82;0
702;0;"ECOLE NGASSAMA 1";0;82;0
703;0;"MAGASIN PUBLIC DAROU RAHMANE";0;82;0
704;0;"MAGASIN PUBLIC NDIOUROUL";0;82;0
705;0;"NDOCK 1";0;82;0
706;0;"ECOLE CHEIKH IBRA FALL";0;83;0
707;0;"ECOLE DIAMGUENE";0;83;0
708;0;"ECOLE FRANCO ARABE OMAR DIOP";0;83;0
709;0;"ECOLE MAME CHEIKH ANTA MBACKE";0;83;0
710;0;"ECOLE MAME MOR DIARRA";0;83;0
711;0;"ECOLE MATERNELLE";0;83;0
712;0;"ECOLE MBACKE KHEWAR 1";0;83;0
713;0;"ECOLE NDIAKALACK";0;83;0
714;0;"ECOLE SERIGNE BASSIROU MBACKE";0;83;0
715;0;"ECOLE SERIGNE MASSAMBA MBACKE";0;83;0
716;0;"ECOLE SOKHNA KHARY PENDA FALL";0;83;0
717;0;"FOYER DE LA FEMME";0;83;0
718;0;"DAROU RAHMANE 2";0;84;0
719;0;"KHAMNANE";0;84;0
720;0;"KHEWAR MISSIRAH";0;84;0
721;0;"LOUGOUL";0;84;0
722;0;"MBAYENE MISSIRAH";0;84;0
723;0;"MISSIRAH";0;84;0
724;0;"THIASKY";0;84;0
725;0;"BOUSTANE DIAO";0;85;0
726;0;"ECOLE DOYOLI 2";0;85;0
727;0;"KOFFA";0;85;0
728;0;"NDIOUMANE";0;85;0
729;0;"GANDIOLE";0;86;0
730;0;"GOROTTE 1";0;86;0
731;0;"MBILY";0;86;0
732;0;"NDIAGUEBE";0;86;0
733;0;"NGHAYE";0;86;0
734;0;"YASSY 1";0;86;0
735;0;"YERY";0;86;0
736;0;"BADJI";0;87;0
737;0;"BANANE WAGADOU";0;87;0
738;0;"DIABI 1";0;87;0
739;0;"GAYNA KEUR TAMSIR";0;87;0
740;0;"GUERLE OUOLOF";0;87;0
741;0;"KAMBEL";0;87;0
742;0;"MEDINA BOURLE";0;87;0
743;0;"NDIOUFENE";0;87;0
744;0;"NGARAF MBAYENE";0;87;0
745;0;"NGARAF 1";0;87;0
746;0;"SADIO";0;87;0
747;0;"SADIO MBAYARD";0;87;0
748;0;"ECOLE GOWANE SERERE";0;88;0
749;0;"ECOLE NDENDE";0;88;0
750;0;"GORETTE";0;88;0
751;0;"TAIBA THIECKENE";0;88;0
752;0;"TAINABE";0;88;0
753;0;"BAYLA";0;89;0
754;0;"BOMBALI";0;89;0
755;0;"BOUL ERI NDIOLOFENE";0;89;0
756;0;"ECOLE ELEMENTAIRE DANKI";0;89;0
757;0;"ECOLE ELEMENTAIRE NDAME";0;89;0
758;0;"SANDATOU";0;89;0
759;0;"TAIF";0;89;0
760;0;"TOUBA NABA";0;89;0
761;0;"TOUBA NGHAYE";0;89;0
762;0;"GUEBE 1";0;90;0
763;0;"KAOSSARA";0;90;0
764;0;"MBAME PEULH 1";0;90;0
765;0;"MEDINA TOURE";0;90;0
766;0;"TOUBA DIAWALDY";0;90;0
767;0;"TOUBA FALL";0;90;0
768;0;"DIAORE COUTA";0;91;0
769;0;"ECOLE KEUR MADIOP SERERE";0;91;0
770;0;"KAMADOU";0;91;0
771;0;"MAGASIN PUBLIQUE SEO TOURE";0;91;0
772;0;"NDOYENE";0;91;0
773;0;"PATHIEME 1";0;91;0
774;0;"TOUBA MBOUL";0;91;0
775;0;"AFFE";0;92;0
776;0;"ALIA";0;92;0
777;0;"BACOURA";0;92;0
778;0;"BANGATHIE";0;92;0
779;0;"BLVD KEUR NIANG X CORNICHE RTE SOLBOCK";0;92;0
780;0;"BLVD KEUR SERIGNE NIANE DIOP X CORNICHE";0;92;0
781;0;"BLVD TINDODY ANGLE ROCADE EST";0;92;0
782;0;"DAROU BOGO";0;92;0
783;0;"DAROU KARIM";0;92;0
784;0;"DAROU MARNANE AL AZAR";0;92;0
785;0;"DAROU MARNANE ARRONDISSEMENT";0;92;0
786;0;"DAROU MINAME";0;92;0
787;0;"DAROU MINAME 2";0;92;0
788;0;"DAROU RAHMANE 1";0;92;0
789;0;"KANKA";0;92;0
790;0;"KELELE";0;92;0
791;0;"KERE MBAYE";0;92;0
792;0;"KERE NDAO";0;92;0
793;0;"KEUR MACOUMBA KEBE";0;92;0
794;0;"KEUR MEDOUNE";0;92;0
795;0;"KHAIRA USINE KHOROM";0;92;0
796;0;"MARCHE DIANATOUL MAWA";0;92;0
797;0;"MAYE LANDANG";0;92;0
798;0;"NDILIKI";0;92;0
799;0;"NDINDY ABDOU";0;92;0
800;0;"POFDY";0;92;0
801;0;"SAME LAH RESIDENTS";0;92;0
802;0;"SOLBOCK";0;92;0
803;0;"TAOFEKH";0;92;0
804;0;"THIAWENE";0;92;0
805;0;"TINDODY";0;92;0
806;0;"TOUBA BELEL";0;92;0
807;0;"TOUBA BOGO";0;92;0
808;0;"TOUBA MOSQUEE KEUR BAYE LAHAD NDAMATOU";0;92;0
809;0;"UNIVERSITE TOUBA DAROU KHOUDOSS";0;92;0
810;0;"UNIVERSITE TOUBA DAROU KHOUDOSS 2";0;92;0
811;0;"UNIVERSITE TOUBA MADYANA";0;92;0
812;0;"C.E.M DIAKHAO";0;93;0
813;0;"DIAKHAO ECOLE";0;93;0
814;0;"DIAOULE ECOLE";0;94;0
815;0;"ECOLE BOOF COOP";0;94;0
816;0;"ECOLE DIAMBEYE";0;94;0
817;0;"ECOLE DIATMOURI";0;94;0
818;0;"ECOLE KEUR GUEDJI";0;94;0
819;0;"FELANE";0;94;0
820;0;"GALANGUE SERERE";0;94;0
821;0;"KORA";0;94;0
822;0;"MAROUTTE";0;94;0
823;0;"NDAGANE";0;94;0
824;0;"SABAR ECOLE";0;94;0
825;0;"SAMBAME";0;94;0
826;0;"SOMNOMADE";0;94;0
827;0;"TENE TOUBAB SERERE";0;94;0
828;0;"BICOLE";0;95;0
829;0;"DIARRERE";0;95;0
830;0;"DIOHINE";0;95;0
831;0;"ECOLE KHASSOUS";0;95;0
832;0;"ECOLE LEME";0;95;0
833;0;"ECOLE NDOUF";0;95;0
834;0;"ECOLE WANDIANA";0;95;0
835;0;"GADIACK 1";0;95;0
836;0;"GODEL";0;95;0
837;0;"KOTHIOKH";0;95;0
838;0;"LOGDIR";0;95;0
839;0;"MBASSIS ECOLE";0;95;0
840;0;"MBETITE";0;95;0
841;0;"NDOUNDOKH";0;95;0
842;0;"NGARDIAME";0;95;0
843;0;"NGODJILEME";0;95;0
844;0;"POULTOCK DIOHINE";0;95;0
845;0;"SANGHARE";0;95;0
846;0;"SOBEME";0;95;0
847;0;"ECOLE COLY SENGHOR";0;96;0
848;0;"ECOLE SINDIANEKA";0;96;0
849;0;"MAIRIE";0;96;0
850;0;"DIOP NDOFFENE";0;97;0
851;0;"DIORAL";0;97;0
852;0;"DIOUROUP";0;97;0
853;0;"DIOUROUP FAMACK";0;97;0
854;0;"DOUDAME";0;97;0
855;0;"FAYIL";0;97;0
856;0;"NDIONGOLOR";0;97;0
857;0;"NDIOUDIOUF";0;97;0
858;0;"NERANE";0;97;0
859;0;"NGOUYE";0;97;0
860;0;"SENGHOR";0;97;0
861;0;"SOWANE";0;97;0
862;0;"DJILASSE";0;98;0
863;0;"FAOYE";0;98;0
864;0;"ROH";0;98;0
865;0;"SOROBOUGOU";0;98;0
866;0;"SOUDIANE DIMLE";0;98;0
867;0;"SOUDIANE THIELEME";0;98;0
868;0;"CEM KHAR NDOFFENE DIOUF";0;99;0
869;0;"CEM THIERNO MAMADOU SALL";0;99;0
870;0;"ECOLE DIARAF THIAGOUNE NDIAYE";0;99;0
871;0;"ECOLE FAYE DALI";0;99;0
872;0;"ECOLE NGOR NDAME NDIAYE";0;99;0
873;0;"ECOLE SALIF BA";0;99;0
874;0;"BABOUCAR TOUMBOU";0;100;0
875;0;"DJILOR";0;100;0
876;0;"FIMELA";0;100;0
877;0;"KOBONGOYE 1";0;100;0
878;0;"MAR FAFACO";0;100;0
879;0;"MAR LOTHIE";0;100;0
880;0;"MBISSEL";0;100;0
881;0;"NDANGANE";0;100;0
882;0;"NDANGANE CAMPEMENT";0;100;0
883;0;"NDIEDIENG";0;100;0
884;0;"SAMBA DIA";0;100;0
885;0;"SIMAL";0;100;0
886;0;"YAYEME";0;100;0
887;0;"BOYARD";0;101;0
888;0;"ECOLE BOYARD TOCK";0;101;0
889;0;"ECOLE PUBLIQUE DACK";0;101;0
890;0;"FOUAH MBEGNARD";0;101;0
891;0;"LOUL NDOUR NDOUR";0;101;0
892;0;"LOUL SESSENE";0;101;0
893;0;"NDIAGAMBA";0;101;0
894;0;"NDIOL KHOKHANE";0;101;0
895;0;"NDIOL MA ABDOU";0;101;0
896;0;"NDIOL MANGANE";0;101;0
897;0;"NDOFF";0;101;0
898;0;"NGUESSINE";0;101;0
899;0;"NOBADANE";0;101;0
900;0;"POMBANE";0;101;0
901;0;"TOKANE SAKHOR";0;101;0
902;0;"DIAGLE";0;102;0
903;0;"ECOLE NGOULOUL SERERE";0;102;0
904;0;"MBELLACADIAO ECOLE";0;102;0
905;0;"MBOTIL COOP";0;102;0
906;0;"MBOUMA";0;102;0
907;0;"NDAYRI";0;102;0
908;0;"NDOFFANE LATIR";0;102;0
909;0;"NGOULOUL PEULH";0;102;0
910;0;"NGUIDINE SERERE";0;102;0
911;0;"OUYAL SANDE SERERE";0;102;0
912;0;"POUKHAME TOCK";0;102;0
913;0;"SAKHAO PLACE DU VILLAGE";0;102;0
914;0;"TAGDIAM";0;102;0
915;0;"THIABA";0;102;0
916;0;"BACCO MBOYTOLLE";0;103;0
917;0;"BACCO SERERE";0;103;0
918;0;"BOOF NDOYEME";0;103;0
919;0;"DAROU SALAM";0;103;0
920;0;"ECOLE BANGADJI";0;103;0
921;0;"ECOLE NDOTHIE";0;103;0
922;0;"FARARE";0;103;0
923;0;"FINTEL";0;103;0
924;0;"MBATAR";0;103;0
925;0;"NDIOB";0;103;0
926;0;"NDIOUDIOUF";0;103;0
927;0;"NDIOURBEL SINE";0;103;0
928;0;"NGALAGNE";0;103;0
929;0;"SOUMNANE";0;103;0
930;0;"THIALLE";0;103;0
931;0;"BARRY SINE";0;104;0
932;0;"DATEL";0;104;0
933;0;"DIOKOUL";0;104;0
934;0;"ECOLE KAN FRANCOIS FAYE";0;104;0
935;0;"KALOME NDOFFANE";0;104;0
936;0;"LAMBANEME";0;104;0
937;0;"MBOYENE";0;104;0
938;0;"NDOKH";0;104;0
939;0;"NGALAGNE KOP";0;104;0
940;0;"NGANE FISSEL";0;104;0
941;0;"NGANGARLAM";0;104;0
942;0;"NGAYOKHEME";0;104;0
943;0;"NGONINE";0;104;0
944;0;"POUDAYE";0;104;0
945;0;"SASS NDIAFADJI";0;104;0
946;0;"SOB";0;104;0
947;0;"ECOLE AMADY BARRO DIOUF";0;105;0
948;0;"ECOLE ARABE MBOLTOGNE";0;105;0
949;0;"ECOLE PUBLIQUE LANGHEME";0;105;0
950;0;"ECOLE PUBLIQUE MBAFAYE";0;105;0
951;0;"ECOLE PUBLIQUE NDIEMOU";0;105;0
952;0;"ECOLE PUBLIQUE PODOME";0;105;0
953;0;"ECOLE PUBLIQUE SAGNE FOLO";0;105;0
954;0;"ECOLE PUBLIQUE SASS MACK";0;105;0
955;0;"GODAGUENE";0;105;0
956;0;"MBANE";0;105;0
957;0;"MBOUDAYE";0;105;0
958;0;"MBOUKHOUTOUR";0;105;0
959;0;"MEME";0;105;0
960;0;"NDOSS MBADIOCK";0;105;0
961;0;"NIANIANE";0;105;0
962;0;"POUKHAME";0;105;0
963;0;"SAGNE";0;105;0
964;0;"SANGHAIE";0;105;0
965;0;"SOROKH";0;105;0
966;0;"YENGUELE";0;105;0
967;0;"ECOLE PALMARIN DIAKHANOR";0;106;0
968;0;"ECOLE PALMARIN FACAO";0;106;0
969;0;"ECOLE PUBLIQUE DJIFFERE";0;106;0
970;0;"PALMARIN FACAO";0;106;0
971;0;"PALMARIN NGALLOU";0;106;0
972;0;"DIADIAKH";0;107;0
973;0;"DIANDOUME";0;107;0
974;0;"DIANE";0;107;0
975;0;"ECOLE NDIONE THIOGOME";0;107;0
976;0;"ECOLE NGARY MADAME NDIAYE";0;107;0
977;0;"ECOLE PUBLIQUE BACK";0;107;0
978;0;"ECOLE PUBLIQUE MBAKHANE";0;107;0
979;0;"ECOLE PUBLIQUE SOMA";0;107;0
980;0;"ECOLE SAMBA TOUDE";0;107;0
981;0;"MAKHADJI";0;107;0
982;0;"MBADATTE";0;107;0
983;0;"MBOUL";0;107;0
984;0;"NDIAMBOUR SINE";0;107;0
985;0;"NDIDOR";0;107;0
986;0;"NDIOULBET";0;107;0
987;0;"NGALAGNE DIARAF";0;107;0
988;0;"TELLAYARGOUYE";0;107;0
989;0;"WAKHALDIAM";0;107;0
990;0;"BACOBOF";0;108;0
991;0;"GARAGE MBAMBARA TATTAGUINE";0;108;0
992;0;"KAMIACK";0;108;0
993;0;"KEUR MANGARI";0;108;0
994;0;"KHONDIOGNE";0;108;0
995;0;"MBEDAP";0;108;0
996;0;"MBELLONGOUTE";0;108;0
997;0;"NAKHAMAYE";0;108;0
998;0;"NDIOSMONE";0;108;0
999;0;"NDOFFANE";0;108;0
